{
  "task": "regression",
  "dataset": "diabetes",
  "best_params": {
    "knn__n_neighbors": 11,
    "knn__p": 2,
    "knn__weights": "distance"
  },
  "mse": 2989.0639101836964,
  "mae": 43.436973376299505,
  "r2": 0.4594517921573833,
  "comparisons": {
    "KNN(best)": {
      "mse": 2989.0639101836964,
      "mae": 43.436973376299505,
      "r2": 0.4594517921573833
    },
    "LinearRegression": {
      "mse": 2848.3106508475043,
      "mae": 41.54850685988059,
      "r2": 0.4849058889476757
    },
    "RandomForest": {
      "mse": 2967.9368047297294,
      "mae": 43.3394144144144,
      "r2": 0.4632724595412875
    }
  }
}