mse,mae,r2
2989.0639101836964,43.436973376299505,0.4594517921573833
