accuracy,precision_macro,recall_macro,f1_macro
0.9473684210526315,0.9555555555555556,0.9487179487179488,0.9484126984126985
