{
  "task": "classification",
  "dataset": "iris",
  "best_params": {
    "knn__n_neighbors": 3,
    "knn__p": 1,
    "knn__weights": "uniform"
  },
  "accuracy": 0.9473684210526315,
  "precision_macro": 0.9555555555555556,
  "recall_macro": 0.9487179487179488,
  "f1_macro": 0.9484126984126985,
  "confusion_matrix": [
    [
      12,
      0,
      0
    ],
    [
      0,
      13,
      0
    ],
    [
      0,
      2,
      11
    ]
  ],
  "comparisons": {
    "KNN(best)": {
      "accuracy": 0.9473684210526315,
      "precision_macro": 0.9555555555555556,
      "recall_macro": 0.9487179487179488,
      "f1_macro": 0.9484126984126985
    },
    "LogisticRegression": {
      "accuracy": 0.9210526315789473,
      "precision_macro": 0.9246031746031745,
      "recall_macro": 0.923076923076923,
      "f1_macro": 0.9229629629629629
    },
    "RandomForest": {
      "accuracy": 0.8947368421052632,
      "precision_macro": 0.903030303030303,
      "recall_macro": 0.8974358974358975,
      "f1_macro": 0.8968253968253969
    }
  }
}